-- Run after 002. Seed countries, cities, and city_snapshots (id = display name used in app).
-- Seed countries (id = display name used in app)
INSERT INTO countries (id, name) VALUES
  ('UK', 'UK'),
  ('USA', 'USA'),
  ('Japan', 'Japan'),
  ('Singapore', 'Singapore'),
  ('UAE', 'UAE'),
  ('France', 'France'),
  ('China', 'China'),
  ('India', 'India'),
  ('Australia', 'Australia'),
  ('Canada', 'Canada'),
  ('Germany', 'Germany'),
  ('Spain', 'Spain'),
  ('Italy', 'Italy'),
  ('Netherlands', 'Netherlands'),
  ('Switzerland', 'Switzerland'),
  ('Austria', 'Austria'),
  ('Sweden', 'Sweden'),
  ('Denmark', 'Denmark'),
  ('Norway', 'Norway'),
  ('Finland', 'Finland'),
  ('Ireland', 'Ireland'),
  ('Portugal', 'Portugal'),
  ('Czech Republic', 'Czech Republic'),
  ('Poland', 'Poland'),
  ('Belgium', 'Belgium'),
  ('Turkey', 'Turkey'),
  ('Russia', 'Russia'),
  ('Greece', 'Greece'),
  ('Hungary', 'Hungary'),
  ('South Korea', 'South Korea'),
  ('Taiwan', 'Taiwan'),
  ('Indonesia', 'Indonesia'),
  ('Philippines', 'Philippines'),
  ('Vietnam', 'Vietnam'),
  ('Saudi Arabia', 'Saudi Arabia'),
  ('Qatar', 'Qatar'),
  ('Israel', 'Israel'),
  ('Mexico', 'Mexico'),
  ('Brazil', 'Brazil'),
  ('Argentina', 'Argentina'),
  ('Colombia', 'Colombia'),
  ('Peru', 'Peru'),
  ('Chile', 'Chile'),
  ('South Africa', 'South Africa'),
  ('Nigeria', 'Nigeria'),
  ('Kenya', 'Kenya'),
  ('Egypt', 'Egypt'),
  ('Morocco', 'Morocco'),
  ('Ethiopia', 'Ethiopia'),
  ('New Zealand', 'New Zealand'),
  ('Thailand', 'Thailand'),
  ('Malaysia', 'Malaysia')
ON CONFLICT (id) DO NOTHING;

-- Premier city ids (for is_premier)
-- dubai, london, new-york, singapore, tokyo, hong-kong, paris, mumbai, sydney, toronto,
-- berlin, shanghai, abu-dhabi, riyadh, doha, bengaluru, bangkok, kuala-lumpur, istanbul, miami

-- Seed cities (subset with is_premier set; all from CITIES list)
INSERT INTO cities (id, name, country_id, lat, lng, is_premier) VALUES
  ('london', 'London', 'UK', 51.5074, -0.1278, true),
  ('new-york', 'New York', 'USA', 40.7128, -74.0060, true),
  ('tokyo', 'Tokyo', 'Japan', 35.6762, 139.6503, true),
  ('singapore', 'Singapore', 'Singapore', 1.3521, 103.8198, true),
  ('dubai', 'Dubai', 'UAE', 25.2048, 55.2708, true),
  ('paris', 'Paris', 'France', 48.8566, 2.3522, true),
  ('hong-kong', 'Hong Kong', 'China', 22.3193, 114.1694, true),
  ('mumbai', 'Mumbai', 'India', 19.0760, 72.8777, true),
  ('delhi', 'New Delhi', 'India', 28.6139, 77.2090, false),
  ('bengaluru', 'Bengaluru', 'India', 12.9716, 77.5946, true),
  ('chennai', 'Chennai', 'India', 13.0827, 80.2707, false),
  ('hyderabad', 'Hyderabad', 'India', 17.3850, 78.4867, false),
  ('kolkata', 'Kolkata', 'India', 22.5726, 88.3639, false),
  ('pune', 'Pune', 'India', 18.5204, 73.8567, false),
  ('ahmedabad', 'Ahmedabad', 'India', 23.0225, 72.5714, false),
  ('surat', 'Surat', 'India', 21.1702, 72.8311, false),
  ('lucknow', 'Lucknow', 'India', 26.8467, 80.9462, false),
  ('jaipur', 'Jaipur', 'India', 26.9124, 75.7873, false),
  ('chandigarh', 'Chandigarh', 'India', 30.7333, 76.7794, false),
  ('kochi', 'Kochi', 'India', 9.9312, 76.2673, false),
  ('goa', 'Goa', 'India', 15.2993, 74.1240, false),
  ('indore', 'Indore', 'India', 22.7196, 75.8577, false),
  ('nagpur', 'Nagpur', 'India', 21.1458, 79.0882, false),
  ('visakhapatnam', 'Visakhapatnam', 'India', 17.6868, 83.2185, false),
  ('coimbatore', 'Coimbatore', 'India', 11.0168, 76.9558, false),
  ('thiruvananthapuram', 'Thiruvananthapuram', 'India', 8.5241, 76.9366, false),
  ('bhopal', 'Bhopal', 'India', 23.2599, 77.4126, false),
  ('patna', 'Patna', 'India', 25.6093, 85.1376, false),
  ('vadodara', 'Vadodara', 'India', 22.3072, 73.1812, false),
  ('guwahati', 'Guwahati', 'India', 26.1445, 91.7362, false),
  ('dehradun', 'Dehradun', 'India', 30.3165, 78.0322, false),
  ('mysuru', 'Mysuru', 'India', 12.2958, 76.6394, false),
  ('shanghai', 'Shanghai', 'China', 31.2304, 121.4737, true),
  ('beijing', 'Beijing', 'China', 39.9042, 116.4074, false),
  ('guangzhou', 'Guangzhou', 'China', 23.1291, 113.2644, false),
  ('shenzhen', 'Shenzhen', 'China', 22.5431, 114.0579, false),
  ('chengdu', 'Chengdu', 'China', 30.5728, 104.0668, false),
  ('hangzhou', 'Hangzhou', 'China', 30.2741, 120.1551, false),
  ('wuhan', 'Wuhan', 'China', 30.5928, 114.3055, false),
  ('nanjing', 'Nanjing', 'China', 32.0603, 118.7969, false),
  ('chongqing', 'Chongqing', 'China', 29.4316, 106.9123, false),
  ('tianjin', 'Tianjin', 'China', 39.3434, 117.3616, false),
  ('xian', 'Xi''an', 'China', 34.3416, 108.9398, false),
  ('los-angeles', 'Los Angeles', 'USA', 34.0522, -118.2437, false),
  ('chicago', 'Chicago', 'USA', 41.8781, -87.6298, false),
  ('san-francisco', 'San Francisco', 'USA', 37.7749, -122.4194, false),
  ('miami', 'Miami', 'USA', 25.7617, -80.1918, true),
  ('houston', 'Houston', 'USA', 29.7604, -95.3698, false),
  ('boston', 'Boston', 'USA', 42.3601, -71.0589, false),
  ('washington-dc', 'Washington D.C.', 'USA', 38.9072, -77.0369, false),
  ('dallas', 'Dallas', 'USA', 32.7767, -96.7970, false),
  ('austin', 'Austin', 'USA', 30.2672, -97.7431, false),
  ('seattle', 'Seattle', 'USA', 47.6062, -122.3321, false),
  ('denver', 'Denver', 'USA', 39.7392, -104.9903, false),
  ('atlanta', 'Atlanta', 'USA', 33.7490, -84.3880, false),
  ('nashville', 'Nashville', 'USA', 36.1627, -86.7816, false),
  ('phoenix', 'Phoenix', 'USA', 33.4484, -112.0740, false),
  ('philadelphia', 'Philadelphia', 'USA', 39.9526, -75.1652, false),
  ('san-diego', 'San Diego', 'USA', 32.7157, -117.1611, false),
  ('portland', 'Portland', 'USA', 45.5152, -122.6784, false),
  ('berlin', 'Berlin', 'Germany', 52.5200, 13.4050, true),
  ('madrid', 'Madrid', 'Spain', 40.4168, -3.7038, false),
  ('barcelona', 'Barcelona', 'Spain', 41.3851, 2.1734, false),
  ('milan', 'Milan', 'Italy', 45.4642, 9.1900, false),
  ('rome', 'Rome', 'Italy', 41.9028, 12.4964, false),
  ('amsterdam', 'Amsterdam', 'Netherlands', 52.3676, 4.9041, false),
  ('zurich', 'Zurich', 'Switzerland', 47.3769, 8.5417, false),
  ('munich', 'Munich', 'Germany', 48.1351, 11.5820, false),
  ('frankfurt', 'Frankfurt', 'Germany', 50.1109, 8.6821, false),
  ('vienna', 'Vienna', 'Austria', 48.2082, 16.3738, false),
  ('stockholm', 'Stockholm', 'Sweden', 59.3293, 18.0686, false),
  ('copenhagen', 'Copenhagen', 'Denmark', 55.6761, 12.5683, false),
  ('oslo', 'Oslo', 'Norway', 59.9139, 10.7522, false),
  ('helsinki', 'Helsinki', 'Finland', 60.1699, 24.9384, false),
  ('dublin', 'Dublin', 'Ireland', 53.3498, -6.2603, false),
  ('lisbon', 'Lisbon', 'Portugal', 38.7223, -9.1393, false),
  ('prague', 'Prague', 'Czech Republic', 50.0755, 14.4378, false),
  ('warsaw', 'Warsaw', 'Poland', 52.2297, 21.0122, false),
  ('brussels', 'Brussels', 'Belgium', 50.8503, 4.3517, false),
  ('istanbul', 'Istanbul', 'Turkey', 41.0082, 28.9784, true),
  ('moscow', 'Moscow', 'Russia', 55.7558, 37.6173, false),
  ('athens', 'Athens', 'Greece', 37.9838, 23.7275, false),
  ('edinburgh', 'Edinburgh', 'UK', 55.9533, -3.1883, false),
  ('budapest', 'Budapest', 'Hungary', 47.4979, 19.0402, false),
  ('sydney', 'Sydney', 'Australia', -33.8688, 151.2093, true),
  ('melbourne', 'Melbourne', 'Australia', -37.8136, 144.9631, false),
  ('brisbane', 'Brisbane', 'Australia', -27.4698, 153.0251, false),
  ('perth', 'Perth', 'Australia', -31.9505, 115.8605, false),
  ('auckland', 'Auckland', 'New Zealand', -36.8485, 174.7633, false),
  ('seoul', 'Seoul', 'South Korea', 37.5665, 126.9780, false),
  ('taipei', 'Taipei', 'Taiwan', 25.0330, 121.5654, false),
  ('osaka', 'Osaka', 'Japan', 34.6937, 135.5023, false),
  ('bangkok', 'Bangkok', 'Thailand', 13.7563, 100.5018, true),
  ('jakarta', 'Jakarta', 'Indonesia', -6.2088, 106.8456, false),
  ('kuala-lumpur', 'Kuala Lumpur', 'Malaysia', 3.1390, 101.6869, true),
  ('manila', 'Manila', 'Philippines', 14.5995, 120.9842, false),
  ('ho-chi-minh', 'Ho Chi Minh City', 'Vietnam', 10.8231, 106.6297, false),
  ('abu-dhabi', 'Abu Dhabi', 'UAE', 24.4539, 54.3773, true),
  ('riyadh', 'Riyadh', 'Saudi Arabia', 24.7136, 46.6753, true),
  ('doha', 'Doha', 'Qatar', 25.2854, 51.5310, true),
  ('tel-aviv', 'Tel Aviv', 'Israel', 32.0853, 34.7818, false),
  ('toronto', 'Toronto', 'Canada', 43.6532, -79.3832, true),
  ('vancouver', 'Vancouver', 'Canada', 49.2827, -123.1207, false),
  ('montreal', 'Montreal', 'Canada', 45.5017, -73.5673, false),
  ('mexico-city', 'Mexico City', 'Mexico', 19.4326, -99.1332, false),
  ('sao-paulo', 'São Paulo', 'Brazil', -23.5505, -46.6333, false),
  ('rio-de-janeiro', 'Rio de Janeiro', 'Brazil', -22.9068, -43.1729, false),
  ('buenos-aires', 'Buenos Aires', 'Argentina', -34.6037, -58.3816, false),
  ('bogota', 'Bogotá', 'Colombia', 4.7110, -74.0721, false),
  ('lima', 'Lima', 'Peru', -12.0464, -77.0428, false),
  ('santiago', 'Santiago', 'Chile', -33.4489, -70.6693, false),
  ('johannesburg', 'Johannesburg', 'South Africa', -26.2041, 28.0473, false),
  ('cape-town', 'Cape Town', 'South Africa', -33.9249, 18.4241, false),
  ('lagos', 'Lagos', 'Nigeria', 6.5244, 3.3792, false),
  ('nairobi', 'Nairobi', 'Kenya', -1.2921, 36.8219, false),
  ('cairo', 'Cairo', 'Egypt', 30.0444, 31.2357, false),
  ('casablanca', 'Casablanca', 'Morocco', 33.5731, -7.5898, false),
  ('addis-ababa', 'Addis Ababa', 'Ethiopia', 9.0250, 38.7469, false)
ON CONFLICT (id) DO NOTHING;

-- Seed city_snapshots (current snapshot as of 2025-01-01; matches CITY_MARKET_DATA)
INSERT INTO city_snapshots (city_id, as_of_date, rental_yield, price_per_sqft, avg_price, yoy_growth) VALUES
  ('dubai', '2025-01-01', '6.2%', '$350', '$450K', '+12.4%'),
  ('london', '2025-01-01', '3.8%', '$1,200', '$820K', '+4.1%'),
  ('new-york', '2025-01-01', '4.2%', '$1,100', '$950K', '+5.3%'),
  ('singapore', '2025-01-01', '3.5%', '$1,400', '$1.1M', '+3.8%'),
  ('tokyo', '2025-01-01', '3.9%', '$800', '$520K', '+6.2%'),
  ('hong-kong', '2025-01-01', '2.8%', '$2,100', '$1.4M', '-1.2%'),
  ('paris', '2025-01-01', '3.2%', '$950', '$680K', '+2.9%'),
  ('mumbai', '2025-01-01', '3.1%', '$280', '$320K', '+8.5%'),
  ('delhi', '2025-01-01', '2.8%', '$220', '$250K', '+7.2%'),
  ('bengaluru', '2025-01-01', '3.6%', '$120', '$180K', '+9.1%'),
  ('sydney', '2025-01-01', '3.4%', '$750', '$780K', '+5.6%'),
  ('toronto', '2025-01-01', '3.9%', '$680', '$620K', '+3.2%'),
  ('abu-dhabi', '2025-01-01', '5.8%', '$300', '$380K', '+10.1%'),
  ('riyadh', '2025-01-01', '5.5%', '$180', '$280K', '+14.2%'),
  ('istanbul', '2025-01-01', '5.2%', '$150', '$200K', '+18.5%'),
  ('shanghai', '2025-01-01', '2.1%', '$900', '$650K', '-0.5%'),
  ('bangkok', '2025-01-01', '4.8%', '$180', '$220K', '+6.8%'),
  ('kuala-lumpur', '2025-01-01', '4.5%', '$160', '$190K', '+5.4%'),
  ('hyderabad', '2025-01-01', '3.4%', '$100', '$180K', '+8.0%'),
  ('miami', '2025-01-01', '5.1%', '$480', '$520K', '+4.2%'),
  ('los-angeles', '2025-01-01', '3.8%', '$750', '$850K', '+3.5%'),
  ('austin', '2025-01-01', '4.5%', '$320', '$420K', '+5.0%'),
  ('vancouver', '2025-01-01', '3.5%', '$820', '$980K', '+2.8%'),
  ('montreal', '2025-01-01', '4.3%', '$350', '$380K', '+4.1%'),
  ('melbourne', '2025-01-01', '3.8%', '$520', '$650K', '+4.5%'),
  ('brisbane', '2025-01-01', '4.2%', '$380', '$520K', '+5.2%'),
  ('shenzhen', '2025-01-01', '1.8%', '$850', '$620K', '-0.2%'),
  ('beijing', '2025-01-01', '1.9%', '$780', '$580K', '+0.5%'),
  ('osaka', '2025-01-01', '4.5%', '$450', '$380K', '+5.5%'),
  ('doha', '2025-01-01', '5.0%', '$280', '$350K', '+8.0%')
ON CONFLICT (city_id, as_of_date) DO NOTHING;
